Id,Start,End,Values
1,1,15,9.85881908519848;51.40315246582031 9.86312453811233;51.41033935546875 9.864273071289062;51.412151789261124 9.869766235351562;51.42132258011122 9.9078369140625;51.485611220537606 9.92904250686233;51.5211181640625 10.06805419921875;51.75123828952595 10.078100256017736;51.76789855957031 10.082479940878379;51.77513122558594 10.084915161132812;51.77912307997881 10.112457275390625;51.824464959613344 10.113143920898438;51.82558221332097 10.114364624023438;51.82753740730932 10.117721557617188;51.83312367584745 10.127761428420609;51.849517822265625 10.143661499023438;51.87553276449947 10.148162841796875;51.88302767478813
2,3,5,180;90 49;27